epoch,step,train_loss
0,49,10.769968032836914
1,99,8.644896507263184
2,149,7.582001209259033
3,199,6.982590198516846
4,249,6.382169723510742
5,299,6.009979724884033
6,349,5.635034561157227
7,399,5.611688137054443
8,449,5.491429328918457
9,499,5.443512439727783
