epoch,step,train_loss
0,49,7.606781005859375
1,99,6.023032188415527
2,149,5.70998477935791
3,199,5.454890727996826
4,249,5.497052192687988
5,299,5.549248218536377
6,349,5.407594680786133
7,399,5.192997932434082
8,449,5.319467544555664
9,499,5.080513000488281
