epoch,step,train_loss
0,49,10.189727783203125
1,99,8.467395782470703
2,149,8.050085067749023
3,199,7.323101997375488
4,249,7.399531841278076
5,299,7.618684768676758
6,349,7.1921000480651855
7,399,7.540750026702881
8,449,7.007939338684082
9,499,7.2251505851745605
