epoch,step,train_loss
0,49,11.228285789489746
1,99,9.208879470825195
2,149,8.06961441040039
3,199,7.011363983154297
4,249,6.396852016448975
5,299,6.02088737487793
6,349,6.38754415512085
7,399,5.573608875274658
8,449,5.823480606079102
9,499,5.209871292114258
