epoch,step,train_loss
0,49,11.198454856872559
1,99,9.051507949829102
2,149,8.044577598571777
3,199,6.975027084350586
4,249,6.4070940017700195
5,299,6.060023784637451
6,349,6.552183151245117
7,399,5.626466751098633
8,449,5.772790908813477
9,499,5.183200836181641
