epoch,step,train_loss
0,49,10.201703071594238
1,99,8.439577102661133
2,149,7.777247905731201
3,199,7.203798770904541
4,249,7.4349212646484375
5,299,6.86605978012085
6,349,6.665186882019043
7,399,6.457952976226807
8,449,6.064025402069092
9,499,5.535003185272217
