epoch,step,train_loss
0,49,15.322257041931152
1,99,11.92091178894043
2,149,11.651161193847656
3,199,10.651698112487793
4,249,10.230053901672363
5,299,9.534646034240723
6,349,9.206701278686523
7,399,9.127843856811523
8,449,8.695701599121094
9,499,8.681509017944336
