epoch,step,train_loss
0,49,10.046407699584961
1,99,8.488590240478516
2,149,7.9507341384887695
3,199,7.5371503829956055
4,249,7.307955741882324
5,299,7.3182148933410645
6,349,7.09068489074707
7,399,7.154486656188965
8,449,7.1945085525512695
9,499,7.164560317993164
