epoch,step,train_loss
0,49,11.305495262145996
1,99,9.086623191833496
2,149,8.191017150878906
3,199,7.064268589019775
4,249,6.542200088500977
5,299,6.293849468231201
6,349,6.741734504699707
7,399,5.941138744354248
8,449,6.213769435882568
9,499,5.570441722869873
