epoch,step,train_loss
0,49,9.2116060256958
1,99,6.823850631713867
2,149,6.277997970581055
3,199,5.270196437835693
4,249,5.451754570007324
5,299,5.477028846740723
6,349,5.515966415405273
7,399,5.247925281524658
8,449,4.941251277923584
9,499,5.120479106903076
