epoch,step,train_loss
0,49,15.073685646057129
1,99,12.478537559509277
2,149,11.235921859741211
3,199,9.728302955627441
4,249,8.579543113708496
5,299,9.577960014343262
6,349,8.549786567687988
7,399,8.652544975280762
8,449,8.284700393676758
9,499,8.669490814208984
