epoch,step,train_loss
0,49,15.964244842529297
1,99,12.814410209655762
2,149,11.638121604919434
3,199,10.525649070739746
4,249,10.204026222229004
5,299,9.701242446899414
6,349,8.661599159240723
7,399,8.369468688964844
8,449,8.599570274353027
9,499,8.19391918182373
