epoch,step,train_loss
0,49,10.966197967529297
1,99,8.89425277709961
2,149,7.9529876708984375
3,199,6.847995758056641
4,249,6.29340934753418
5,299,6.1452412605285645
6,349,6.6138482093811035
7,399,5.777782440185547
8,449,5.909649848937988
9,499,5.420239448547363
