epoch,step,train_loss
0,49,9.490740776062012
1,99,6.953819751739502
2,149,6.499547958374023
3,199,5.356070518493652
4,249,5.539194107055664
5,299,5.55789041519165
6,349,5.58054256439209
7,399,5.295405387878418
8,449,4.981171607971191
9,499,5.169917583465576
