epoch,step,train_loss
0,49,7.9239301681518555
1,99,6.5417609214782715
2,149,5.861891269683838
3,199,5.766345977783203
4,249,5.451168060302734
5,299,5.224522113800049
6,349,5.478221416473389
7,399,5.205482006072998
8,449,5.354012489318848
9,499,5.116830825805664
