epoch,step,train_loss
0,49,11.250532150268555
1,99,9.140225410461426
2,149,8.64312744140625
3,199,7.493948459625244
4,249,6.657094955444336
5,299,6.280645370483398
6,349,6.458250045776367
7,399,5.527860164642334
8,449,5.705270290374756
9,499,5.369623184204102
