epoch,step,train_loss
0,49,7.869979381561279
1,99,6.537106990814209
2,149,5.824261665344238
3,199,5.33697509765625
4,249,5.714020252227783
5,299,5.424009799957275
6,349,5.212846755981445
7,399,5.264260768890381
8,449,5.038880825042725
9,499,5.217888355255127
