epoch,step,train_loss
0,49,8.750248908996582
1,99,6.927122116088867
2,149,5.782182216644287
3,199,5.128202438354492
4,249,4.980129241943359
5,299,4.872814178466797
6,349,4.556685447692871
7,399,4.355382919311523
8,449,4.256692886352539
9,499,4.515968322753906
