epoch,step,train_loss
0,49,10.064789772033691
1,99,8.728771209716797
2,149,7.755682945251465
3,199,7.706698417663574
4,249,7.1453857421875
5,299,6.827238082885742
6,349,6.370643138885498
7,399,6.545525074005127
8,449,5.998763561248779
9,499,5.813185214996338
