epoch,step,train_loss
0,49,15.221531867980957
1,99,12.918179512023926
2,149,11.602753639221191
3,199,10.003552436828613
4,249,8.758564949035645
5,299,9.09900188446045
6,349,8.066056251525879
7,399,7.9609150886535645
8,449,7.71933126449585
9,499,8.00080680847168
