epoch,step,train_loss
0,49,12.001595497131348
1,99,9.79357624053955
2,149,8.136673927307129
3,199,7.633180618286133
4,249,7.5906572341918945
5,299,6.7803778648376465
6,349,6.696301460266113
7,399,6.956043243408203
8,449,7.116001129150391
9,499,7.272448539733887
