epoch,step,train_loss
0,49,10.363497734069824
1,99,8.183084487915039
2,149,7.49722146987915
3,199,7.8081865310668945
4,249,7.153165817260742
5,299,6.895401477813721
6,349,7.010455131530762
7,399,6.660895347595215
8,449,6.958948135375977
9,499,6.948261737823486
