epoch,step,train_loss
0,49,10.210232734680176
1,99,7.948895454406738
2,149,7.904727935791016
3,199,6.6419782638549805
4,249,6.764561176300049
5,299,6.814389705657959
6,349,6.445850849151611
7,399,6.2801737785339355
8,449,5.920452117919922
9,499,6.029082775115967
