epoch,step,train_loss
0,49,11.476408958435059
1,99,8.998379707336426
2,149,8.217111587524414
3,199,7.039671421051025
4,249,6.474408149719238
5,299,6.323566913604736
6,349,6.70479679107666
7,399,5.887721538543701
8,449,6.133728504180908
9,499,5.497191905975342
