epoch,step,train_loss
0,49,11.799338340759277
1,99,9.806666374206543
2,149,8.04289722442627
3,199,7.716289520263672
4,249,7.632701396942139
5,299,6.787384510040283
6,349,6.683977127075195
7,399,6.925665855407715
8,449,7.074182033538818
9,499,7.212933540344238
