epoch,step,train_loss
0,49,10.468059539794922
1,99,8.568395614624023
2,149,7.760643482208252
3,199,7.1553850173950195
4,249,7.603188991546631
5,299,7.288647651672363
6,349,6.72470235824585
7,399,6.405097007751465
8,449,6.850551605224609
9,499,6.702095985412598
