epoch,step,train_loss
0,49,30.56195068359375
1,99,26.92462730407715
2,149,23.24319839477539
3,199,20.754417419433594
4,249,20.961135864257812
5,299,20.093097686767578
6,349,19.6502685546875
7,399,19.716344833374023
8,449,19.68773651123047
9,499,19.51544189453125
