epoch,step,train_loss
0,49,15.353631973266602
1,99,12.678823471069336
2,149,11.261609077453613
3,199,9.746177673339844
4,249,8.613565444946289
5,299,9.290767669677734
6,349,8.419502258300781
7,399,8.375784873962402
8,449,7.990921497344971
9,499,8.367609977722168
