epoch,step,train_loss
0,49,12.174793243408203
1,99,10.02283000946045
2,149,8.464991569519043
3,199,7.857031345367432
4,249,7.694849967956543
5,299,6.80867862701416
6,349,6.70146369934082
7,399,6.95368766784668
8,449,7.113780975341797
9,499,7.268641471862793
