epoch,step,train_loss
0,49,10.036847114562988
1,99,8.464406967163086
2,149,8.05557632446289
3,199,7.382232189178467
4,249,7.472385883331299
5,299,7.676234722137451
6,349,7.2212066650390625
7,399,7.553277015686035
8,449,7.015630722045898
9,499,7.233275890350342
