epoch,step,train_loss
0,49,15.364336967468262
1,99,12.830432891845703
2,149,11.296241760253906
3,199,9.649903297424316
4,249,8.670064926147461
5,299,9.494352340698242
6,349,8.927282333374023
7,399,8.883587837219238
8,449,8.554954528808594
9,499,8.871841430664062
