epoch,step,train_loss
0,49,9.868478775024414
1,99,8.817523002624512
2,149,7.759128570556641
3,199,7.659292697906494
4,249,7.0170698165893555
5,299,6.550609111785889
6,349,6.185235023498535
7,399,6.383127212524414
8,449,6.013394832611084
9,499,5.69899845123291
