epoch,step,train_loss
0,49,8.293054580688477
1,99,6.508886814117432
2,149,5.970595836639404
3,199,5.784221172332764
4,249,5.659273147583008
5,299,5.367475509643555
6,349,5.379976749420166
7,399,5.285443305969238
8,449,4.981215476989746
9,499,5.318795680999756
