epoch,step,train_loss
0,49,10.68160629272461
1,99,8.797999382019043
2,149,7.99758243560791
3,199,6.8872456550598145
4,249,6.359328746795654
5,299,6.219779014587402
6,349,6.705560684204102
7,399,5.965679168701172
8,449,6.121780872344971
9,499,5.648097991943359
