epoch,step,train_loss
0,49,14.792366027832031
1,99,12.36018180847168
2,149,11.038995742797852
3,199,9.535398483276367
4,249,8.59917163848877
5,299,9.495001792907715
6,349,8.570219993591309
7,399,8.390870094299316
8,449,8.159330368041992
9,499,8.494229316711426
