epoch,step,train_loss
0,49,10.058501243591309
1,99,8.361331939697266
2,149,7.303677558898926
3,199,7.304048538208008
4,249,7.059628486633301
5,299,6.189728260040283
6,349,6.303582191467285
7,399,6.277334213256836
8,449,6.242699146270752
9,499,5.9237060546875
