epoch,step,train_loss
0,49,11.032888412475586
1,99,9.012340545654297
2,149,8.337730407714844
3,199,7.234123706817627
4,249,6.571300029754639
5,299,6.235818862915039
6,349,6.664641857147217
7,399,5.840116024017334
8,449,5.847101211547852
9,499,5.137317657470703
