epoch,step,train_loss
0,49,11.244436264038086
1,99,9.618406295776367
2,149,8.178620338439941
3,199,7.698864936828613
4,249,7.588574409484863
5,299,6.760976791381836
6,349,6.664266586303711
7,399,6.91402530670166
8,449,7.0768656730651855
9,499,7.227252960205078
