epoch,step,train_loss
0,49,11.549454689025879
1,99,9.922501564025879
2,149,8.322452545166016
3,199,7.86473274230957
4,249,7.728921413421631
5,299,6.826973915100098
6,349,6.707159996032715
7,399,6.943830490112305
8,449,7.092721462249756
9,499,7.2447190284729
