epoch,step,train_loss
0,49,10.339306831359863
1,99,7.926336288452148
2,149,7.5287299156188965
3,199,6.773997783660889
4,249,6.2276692390441895
5,299,6.202635288238525
6,349,6.214509963989258
7,399,5.972298622131348
8,449,5.401763916015625
9,499,5.386428356170654
