epoch,step,train_loss
0,49,15.165452003479004
1,99,12.1618070602417
2,149,10.999241828918457
3,199,9.473982810974121
4,249,9.034955024719238
5,299,9.041762351989746
6,349,8.374977111816406
7,399,8.131837844848633
8,449,8.398189544677734
9,499,8.037854194641113
