epoch,step,train_loss
0,49,10.006673812866211
1,99,8.337408065795898
2,149,7.67532205581665
3,199,7.1452460289001465
4,249,7.353097438812256
5,299,6.758970260620117
6,349,6.665867805480957
7,399,6.403276443481445
8,449,6.243898391723633
9,499,5.761949062347412
