epoch,step,train_loss
0,49,11.642189025878906
1,99,9.269142150878906
2,149,8.309379577636719
3,199,7.136561870574951
4,249,6.5868916511535645
5,299,6.370791435241699
6,349,6.850004196166992
7,399,6.089411735534668
8,449,6.288701057434082
9,499,5.565776348114014
