epoch,step,train_loss
0,49,10.163031578063965
1,99,8.3392915725708
2,149,7.333428859710693
3,199,7.3212809562683105
4,249,7.199394702911377
5,299,6.49454402923584
6,349,6.5806450843811035
7,399,6.407871246337891
8,449,6.158735275268555
9,499,5.854513645172119
