epoch,step,train_loss
0,49,8.05495834350586
1,99,6.423978805541992
2,149,5.7477898597717285
3,199,5.5346198081970215
4,249,5.662728309631348
5,299,5.637972831726074
6,349,5.002902984619141
7,399,5.2211012840271
8,449,5.207020282745361
9,499,5.114126682281494
