epoch,step,train_loss
0,49,10.780238151550293
1,99,8.13389778137207
2,149,7.739859104156494
3,199,6.932119846343994
4,249,6.475849151611328
5,299,6.346978664398193
6,349,6.254706859588623
7,399,5.995974063873291
8,449,5.496023178100586
9,499,5.578513145446777
