epoch,step,train_loss
0,49,11.355517387390137
1,99,9.085542678833008
2,149,8.270254135131836
3,199,6.971400260925293
4,249,6.3682475090026855
5,299,6.195957183837891
6,349,6.58396053314209
7,399,5.857979774475098
8,449,6.0990800857543945
9,499,5.559204578399658
