epoch,step,train_loss
0,49,30.263710021972656
1,99,26.81369400024414
2,149,22.91961669921875
3,199,21.320903778076172
4,249,20.545581817626953
5,299,20.476774215698242
6,349,19.914548873901367
7,399,19.879653930664062
8,449,19.313047409057617
9,499,19.580900192260742
