epoch,step,train_loss
0,49,10.838848114013672
1,99,8.986124038696289
2,149,7.947712421417236
3,199,6.8500871658325195
4,249,6.248524188995361
5,299,6.092114448547363
6,349,6.5411176681518555
7,399,5.742859363555908
8,449,6.005582809448242
9,499,5.4823503494262695
