epoch,step,train_loss
0,49,11.562195777893066
1,99,9.238482475280762
2,149,8.300493240356445
3,199,7.069307804107666
4,249,6.489670276641846
5,299,6.24832010269165
6,349,6.679599761962891
7,399,5.861369609832764
8,449,6.012545585632324
9,499,5.372053146362305
