epoch,step,train_loss
0,49,11.34022331237793
1,99,8.877111434936523
2,149,7.8831048011779785
3,199,6.817826747894287
4,249,6.34404182434082
5,299,6.137485504150391
6,349,6.462886810302734
7,399,5.800548553466797
8,449,5.995283126831055
9,499,5.471997261047363
