epoch,step,train_loss
0,49,14.731733322143555
1,99,12.520659446716309
2,149,11.399741172790527
3,199,10.145925521850586
4,249,8.9639253616333
5,299,9.763032913208008
6,349,8.792298316955566
7,399,8.587082862854004
8,449,8.413919448852539
9,499,8.821935653686523
