epoch,step,train_loss
0,49,11.289278984069824
1,99,9.262341499328613
2,149,8.488332748413086
3,199,7.126992225646973
4,249,6.458511829376221
5,299,6.113411903381348
6,349,6.436634063720703
7,399,5.6032490730285645
8,449,5.908994674682617
9,499,5.272534370422363
