epoch,step,train_loss
0,49,11.504709243774414
1,99,9.097406387329102
2,149,8.261616706848145
3,199,7.02104377746582
4,249,6.463338851928711
5,299,6.2651872634887695
6,349,6.583243370056152
7,399,5.85837459564209
8,449,6.165332794189453
9,499,5.610962390899658
