epoch,step,train_loss
0,49,11.163801193237305
1,99,8.806300163269043
2,149,7.689593315124512
3,199,6.689924716949463
4,249,6.179778575897217
5,299,6.047295570373535
6,349,6.479144096374512
7,399,5.577193737030029
8,449,5.914361000061035
9,499,5.34228515625
