epoch,step,train_loss
0,49,8.42251205444336
1,99,6.477300643920898
2,149,5.898338794708252
3,199,5.776003360748291
4,249,5.639934062957764
5,299,5.325389385223389
6,349,5.330502510070801
7,399,5.22360897064209
8,449,4.925239086151123
9,499,5.261257171630859
