epoch,step,train_loss
0,49,11.03528118133545
1,99,8.929337501525879
2,149,7.7734785079956055
3,199,6.861736297607422
4,249,6.406670093536377
5,299,6.323159217834473
6,349,6.749171733856201
7,399,5.965149402618408
8,449,6.167413234710693
9,499,5.511976718902588
