epoch,step,train_loss
0,49,9.218711853027344
1,99,6.96029806137085
2,149,6.600592136383057
3,199,5.322513580322266
4,249,5.463411331176758
5,299,5.4856061935424805
6,349,5.52691650390625
7,399,5.2642998695373535
8,449,4.971755504608154
9,499,5.151365280151367
