epoch,step,train_loss
0,49,8.973184585571289
1,99,7.366693019866943
2,149,6.106430530548096
3,199,5.206935405731201
4,249,5.061215877532959
5,299,4.96272087097168
6,349,4.621232509613037
7,399,4.339581489562988
8,449,4.345472812652588
9,499,4.586770057678223
