epoch,step,train_loss
0,49,8.068665504455566
1,99,6.429912090301514
2,149,5.865628242492676
3,199,5.692913055419922
4,249,5.558938503265381
5,299,5.2463812828063965
6,349,5.25327205657959
7,399,5.171848773956299
8,449,4.8838372230529785
9,499,5.213723182678223
