epoch,step,train_loss
0,49,30.3354549407959
1,99,26.823740005493164
2,149,23.444425582885742
3,199,20.896617889404297
4,249,21.03960418701172
5,299,20.142173767089844
6,349,19.686613082885742
7,399,19.744491577148438
8,449,19.707151412963867
9,499,19.526315689086914
