epoch,step,train_loss
0,49,10.63113021850586
1,99,8.592498779296875
2,149,7.511598110198975
3,199,6.972039222717285
4,249,7.1322197914123535
5,299,6.685782432556152
6,349,6.432209014892578
7,399,6.619863986968994
8,449,6.26663875579834
9,499,6.257218837738037
