epoch,step,train_loss
0,49,14.93740463256836
1,99,12.330277442932129
2,149,11.029253959655762
3,199,9.548890113830566
4,249,8.503249168395996
5,299,9.405601501464844
6,349,8.431571960449219
7,399,8.481972694396973
8,449,8.266467094421387
9,499,8.666197776794434
