epoch,step,train_loss
0,49,11.068292617797852
1,99,8.920670509338379
2,149,7.9828667640686035
3,199,6.848591327667236
4,249,6.265921592712402
5,299,6.084925651550293
6,349,6.499513626098633
7,399,5.633574962615967
8,449,5.889967441558838
9,499,5.213461399078369
