epoch,step,train_loss
0,49,10.140159606933594
1,99,8.208423614501953
2,149,7.493739604949951
3,199,7.799157619476318
4,249,7.148452281951904
5,299,6.908339023590088
6,349,7.043555736541748
7,399,6.704639434814453
8,449,7.014407157897949
9,499,7.0134992599487305
