epoch,step,train_loss
0,49,10.569509506225586
1,99,8.121085166931152
2,149,7.497715950012207
3,199,7.8866400718688965
4,249,7.1217546463012695
5,299,7.165741443634033
6,349,7.295507431030273
7,399,7.073367118835449
8,449,6.988287925720215
9,499,6.9755072593688965
