epoch,step,train_loss
0,49,11.318190574645996
1,99,8.911810874938965
2,149,8.154182434082031
3,199,7.068746566772461
4,249,6.473033428192139
5,299,6.3465142250061035
6,349,6.876452445983887
7,399,6.113349437713623
8,449,6.350986957550049
9,499,5.665493965148926
