epoch,step,train_loss
0,49,11.659327507019043
1,99,9.146114349365234
2,149,8.339777946472168
3,199,7.083486557006836
4,249,6.5069451332092285
5,299,6.251434803009033
6,349,6.542308807373047
7,399,5.654706954956055
8,449,5.7974772453308105
9,499,5.129039764404297
