epoch,step,train_loss
0,49,8.14700698852539
1,99,6.195993423461914
2,149,5.59890079498291
3,199,5.770466327667236
4,249,5.437406539916992
5,299,5.1738386154174805
6,349,5.285703182220459
7,399,5.245272159576416
8,449,5.150275707244873
9,499,5.213428974151611
