epoch,step,train_loss
0,49,11.566019058227539
1,99,9.899547576904297
2,149,8.4594144821167
3,199,7.791418075561523
4,249,7.677715301513672
5,299,6.794900894165039
6,349,6.681795597076416
7,399,6.919712066650391
8,449,7.0705132484436035
9,499,7.220692157745361
