epoch,step,train_loss
0,49,7.8142290115356445
1,99,6.396674156188965
2,149,5.872074127197266
3,199,5.784938812255859
4,249,5.537136077880859
5,299,5.186521530151367
6,349,5.262335300445557
7,399,5.510944366455078
8,449,5.432616710662842
9,499,5.108001708984375
