epoch,step,train_loss
0,49,11.054085731506348
1,99,8.833250045776367
2,149,7.930262565612793
3,199,6.874345302581787
4,249,6.248785972595215
5,299,5.882444381713867
6,349,6.115350723266602
7,399,5.4683308601379395
8,449,5.724947452545166
9,499,4.950590133666992
