epoch,step,train_loss
0,49,11.537576675415039
1,99,9.806926727294922
2,149,8.290782928466797
3,199,7.764589786529541
4,249,7.66750955581665
5,299,6.789052963256836
6,349,6.676392078399658
7,399,6.923773765563965
8,449,7.0734405517578125
9,499,7.2311859130859375
