epoch,step,train_loss
0,49,8.296065330505371
1,99,6.423037052154541
2,149,5.8477253913879395
3,199,5.738644599914551
4,249,5.621347427368164
5,299,5.294909477233887
6,349,5.3003950119018555
7,399,5.215884208679199
8,449,4.9144158363342285
9,499,5.25185489654541
