epoch,step,train_loss
0,49,8.720795631408691
1,99,7.245943069458008
2,149,6.268230438232422
3,199,5.14756965637207
4,249,4.997962951660156
5,299,4.878385066986084
6,349,4.733675479888916
7,399,4.459448337554932
8,449,4.465752124786377
9,499,4.862314224243164
